<?xml version="1.0" encoding="UTF-8"?>
<!DOCTYPE sqlMap PUBLIC "-//ibatis.apache.org//DTD SQL Map 2.0//EN" "http://ibatis.apache.org/dtd/sql-map-2.dtd">
<sqlMap namespace="BoletosEmitidos">

  <!-- RESULT -->
  <resultMap id="resultBoletosEmitidosVO" class="br.com.digicon.remessaBoleto.vo.BoletosEmitidosVO">
    <result column="ID_BOLETOS_EMITIDOS" property="idBoletosEmitidos" jdbcType="DECIMAL" />
    <result column="ID_BOLETO" property="idBoleto" jdbcType="DECIMAL" />
    <result column="DATA_EMISSAO" property="dataEmissao" jdbcType="TIMESTAMP" />
    <result column="DATA_PAGAMENTO" property="dataPagamento" jdbcType="TIMESTAMP" />
    <result column="VENCIMENTO" property="vencimento" jdbcType="TIMESTAMP" />
    <result column="VALOR" property="valor" jdbcType="DECIMAL" />
    <result column="VALOR_TAXA" property="valorTaxa" jdbcType="DECIMAL" />
    <result column="NOSSO_NUMERO" property="nossoNumero" jdbcType="DECIMAL" />
    <result column="STATUS" property="status" jdbcType="DECIMAL" />
    <result column="TIPO_RECEBIMENTO" property="tipoRecebimento" jdbcType="DECIMAL" />
    <result column="STATUS_BAIXA" property="statusBaixa" jdbcType="DECIMAL" />
    <result column="OBSERVACAO" property="observacao" jdbcType="VARCHAR" />
    <result column="TIPO_BOLETO" property="tipoBoleto" jdbcType="DECIMAL" />
    <result column="BOLETO" property="boleto" jdbcType="VARCHAR" />
    <result column="REQUEST_ID" property="requestId" jdbcType="DECIMAL" />
    <result column="PROCESSADO" property="processado" jdbcType="CHAR" />
    <result column="OBS_BAIXA" property="obsBaixa" jdbcType="VARCHAR" />
    <result column="ARQUIVO_REMESSA_ID" property="arquivoRemessaId" jdbcType="DECIMAL" />
    <result column="FLG_PROC_REMESSA_BOLETO" property="flgProcRemessaBoleto" jdbcType="VARCHAR" />
    <result column="FLG_STATUS_REGISTRO" property="flgStatusRegistro" jdbcType="VARCHAR" />
    <result column="DT_REGISTRO_BANCO_CEDENTE" property="dtRegistroBancoCedente" jdbcType="DATE" />
  </resultMap>
  
  <resultMap id="resultCobBoletoVO" class="br.com.digicon.remessaBoleto.vo.BoletosEmitidosVO" >
    <result column="BOLETO_ID" property="idBoleto" jdbcType="DECIMAL" />
 	<result column="TIPO_PESSOA" property="tipoPessoa" jdbcType="DECIMAL" />
    <result column="NOSSO_NUMERO" property="nossoNumero" jdbcType="DECIMAL" />
    <result column="DATA_EMISSAO" property="dataEmissao" jdbcType="TIMESTAMP" />
    <result column="DATA_VENCIMENTO" property="vencimento" jdbcType="TIMESTAMP" />
    <result column="DATA_PAGAMENTO" property="dataPagamento" jdbcType="TIMESTAMP" />
    <result column="VALOR" property="valor" jdbcType="DECIMAL" />
    <result column="VALOR_TAXA" property="valorTaxa" jdbcType="DECIMAL" />
    <result column="STATUS_BOLETO" property="statusBaixa" jdbcType="DECIMAL" />
    <result column="TIPO_RECEBIMENTO" property="tipoRecebimento" jdbcType="DECIMAL" />
    <result column="OBSERVACOES" property="observacao" jdbcType="VARCHAR" />
    <result column="BOLETO" property="boleto" jdbcType="VARCHAR" />
    <result column="CAMPO_CHAVE_ID" property="requestId" jdbcType="DECIMAL" />
    <result column="ARQUIVO_REMESSA_ID" property="arquivoRemessaId" jdbcType="DECIMAL" />
    <result column="FLG_PROC_REMESSA_BOLETO" property="flgProcRemessaBoleto" jdbcType="VARCHAR" />
    <result column="FLG_STATUS_REGISTRO" property="flgStatusRegistro" jdbcType="VARCHAR" />
    <result column="DT_REGISTRO_BANCO_CEDENTE" property="dtRegistroBancoCedente" jdbcType="DATE" />
  </resultMap>
  

  <resultMap id="resultAjaxBoletosEmitidosVO" class="br.com.digicon.remessaBoleto.vo.BoletosEmitidosVO">
    <result column="ID_BOLETOS_EMITIDOS" property="idBoletosEmitidos" jdbcType="DECIMAL" />
    <result column="ID_BOLETO" property="idBoleto" jdbcType="DECIMAL" />
    <result column="DATA_EMISSAO" property="dataEmissao" jdbcType="TIMESTAMP" />
    <result column="DATA_PAGAMENTO" property="dataPagamento" jdbcType="TIMESTAMP" />
    <result column="VENCIMENTO" property="vencimento" jdbcType="TIMESTAMP" />
    <result column="VALOR" property="valor" jdbcType="DECIMAL" />
    <result column="VALOR_TAXA" property="valorTaxa" jdbcType="DECIMAL" />
    <result column="NOSSO_NUMERO" property="nossoNumero" jdbcType="DECIMAL" />
    <result column="STATUS" property="status" jdbcType="DECIMAL" />
    <result column="TIPO_RECEBIMENTO" property="tipoRecebimento" jdbcType="DECIMAL" />
    <result column="STATUS_BAIXA" property="statusBaixa" jdbcType="DECIMAL" />
    <result column="OBSERVACAO" property="observacao" jdbcType="VARCHAR" />
    <result column="TIPO_BOLETO" property="tipoBoleto" jdbcType="DECIMAL" />
    <result column="BOLETO" property="boleto" jdbcType="VARCHAR" />
    <result column="REQUEST_ID" property="requestId" jdbcType="DECIMAL" />
    <result column="PROCESSADO" property="processado" jdbcType="CHAR" />
    <result column="OBS_BAIXA" property="obsBaixa" jdbcType="VARCHAR" />
  </resultMap>


<!-- INICIO - CONSULTA BOLETOS DO SA -->
  <sql id="sqlBoletosEmitidos">
    SELECT 
		     ID_BOLETOS_EMITIDOS, 
		     ID_BOLETO, 
		     DATA_EMISSAO, 
		     DATA_PAGAMENTO, 
		     VENCIMENTO, 
		     VALOR, 
		     NOSSO_NUMERO, 
		     STATUS, 
		     TIPO_RECEBIMENTO, 
		     STATUS_BAIXA, 
		     OBSERVACAO, 
		     TIPO_BOLETO,
		     BOLETO, 
		     REQUEST_ID, 
		     PROCESSADO, 
		     VALOR_TAXA, 
		     OBS_BAIXA, 
		     ARQUIVO_REMESSA_ID,
		     FLG_PROC_REMESSA_BOLETO,
		     FLG_STATUS_REGISTRO,
		     DT_REGISTRO_BANCO_CEDENTE
    FROM TB_BOLETOS_EMT
  </sql>

<!--trocar de trunc(VENCIMENTO) para data de emissão do boleto   
verificar status do boleto status == 0 -->
 
  <select id="selectBoletosSA" resultMap="resultBoletosEmitidosVO" parameterClass="java.util.Date">
    <include refid="sqlBoletosEmitidos" />
		<![CDATA[
			WHERE trunc(VENCIMENTO) >= #value:DATE#
			AND (FLG_PROC_REMESSA_BOLETO != 1 or FLG_PROC_REMESSA_BOLETO is null)
			AND STATUS = 0
		]]>
		

<!-- WHERE trunc(VENCIMENTO) >= '18/06/2017'-->
<!-- WHERE trunc(VENCIMENTO) >= #value:DATE# -->
<!-- 			  AND STATUS = 0    -->
<!-- 			  AND (FLG_PROC_REMESSA_BOLETO != 1 or FLG_PROC_REMESSA_BOLETO is null)		 -->
<!-- QDO TIVER DADOS COLOCAR A CONDIÇÃO ABAIXO -->		
<!--  AND TRUNC(NOSSO_NUMERO) LIKE '14%' -->		

  </select>
 
<!-- FIM - CONSULTA BOLETOS DO SA -->


<!-- INICIO - ATUALIZAÇÃO BOLETOS DO SA -->

   <update id="updateFlagBoletoRemessaSA" parameterClass="br.com.digicon.remessaBoleto.vo.BoletosEmitidosVO">
    UPDATE TB_BOLETOS_EMT
      SET FLG_PROC_REMESSA_BOLETO = 1,
    	    ARQUIVO_REMESSA_ID = #arquivoRemessaId:NUMBER#
      where ID_BOLETOS_EMITIDOS = #idBoletosEmitidos:NUMBER#
   </update>	
	
<!-- FIM - ATUALIZAÇÃO BOLETOS DO SA -->
	
	
<!-- INICIO - SEQUENCE DO SA -->	
  
   <select id="selectNSA" resultClass="java.lang.Long">
 	SELECT SEQ_CTR_REMESSA_BOL_SA.NEXTVAL FROM DUAL 
  </select>
  
  
   <select id="selectProcessoDetalheIDSA" resultClass="java.lang.Long">
 	SELECT SEQ_DETALHE_REMESSA_BOL_SA.NEXTVAL FROM DUAL 
  </select>    
  
  
<!-- FIM - SEQUENCE DO SA -->
    
   <select id="obterNossoNumeroSequence" resultClass="java.lang.Long">SELECT SPTRANS.SEQ_BOLETO_NOSSO_NUMERO.NEXTVAL FROM DUAL</select>
     
<!-- INICIO - CONSULTA BOLETOS DO VCW -->
   
    <sql id="sql">
        <![CDATA[
        select
		        a.BOLETO_ID as BOLETO_ID,
		        a.NOSSO_NUMERO as NOSSO_NUMERO,
		        a.DATA_EMISSAO as DATA_EMISSAO,
		        a.DATA_VENCIMENTO as DATA_VENCIMENTO,
		        a.DATA_PAGAMENTO as DATA_PAGAMENTO,
		        a.VALOR as VALOR,
		        a.VALOR_TAXA  as VALOR_TAXA,
		        a.VALOR_BOLETO as VALOR_BOLETO,
		        a.STATUS_BOLETO as STATUS_BOLETO,
		        a.STATUS_DUPLICIDADE as STATUS_DUPLICIDADE,
		        a.STATUS_DEVOLUCAO as STATUS_DEVOLUCAO,
		        a.TIPO_RECEBIMENTO as TIPO_RECEBIMENTO,
		        a.OBSERVACOES as OBSERVACOES,
		        a.BOLETO as BOLETO,
		        a.CONSUMIDOR_ID as CONSUMIDOR_ID,
		        a.CAMPO_CHAVE_ID as CAMPO_CHAVE_ID,
		        a.STATUS_NOTIFICACAO as STATUS_NOTIFICACAO,
		        a.ARQUIVO_REMESSA_ID as ARQUIVO_REMESSA_ID,
		        a.FLG_PROC_REMESSA_BOLETO as FLG_PROC_REMESSA_BOLETO,
		        a.FLG_STATUS_REGISTRO as FLG_STATUS_REGISTRO,
		        a.DT_REGISTRO_BANCO_CEDENTE as DT_REGISTRO_BANCO_CEDENTE,
		        b.TIPO_PESSOA as TIPO_PESSOA
        from TB_COB_BOL a, TB_COMPRADOR_CRED b, TB_PEDIDO_CRED c
        ]]>
    </sql>

  
  <select id="selectBoletosVCW"  parameterClass="java.util.Date" resultMap="resultCobBoletoVO">
        <include refid="sql" />
	<![CDATA[
			WHERE 	
				trunc(DATA_VENCIMENTO) >= TRUNC(#value:DATE#) 
				AND (FLG_PROC_REMESSA_BOLETO != 1 or FLG_PROC_REMESSA_BOLETO is null)		 	
				AND a.BOLETO_ID = c.BOLETO_ID
      			AND c.COMPRADOR_CREDITO_ID = b.COMPRADOR_CREDITO_ID
	]]> 

<!--  trunc(DATA_VENCIMENTO) >= TRUNC(#value:DATE#) AND --> 


		
  </select>
  
<!-- FIM - CONSULTA BOLETOS DO VCW -->
  
  
 <!-- INICIO - SEQUENCE DO VCW -->
  
  <select id="selectNSAVCW" resultClass="java.lang.Long">
 	SELECT SEQ_CTR_REMESSA_BOL_VCW.NEXTVAL FROM DUAL 
  </select>
   
  <!-- FIM - SEQUENCE DO VCW -->
  
  
  <!-- INICIO - ATUALIZAÇÃO BOLETOS DO SA -->
  
  <update id="updateFlagBoletoRemessaVCW" parameterClass="br.com.digicon.remessaBoleto.vo.BoletosEmitidosVO">
    UPDATE TB_COB_BOL
      SET FLG_PROC_REMESSA_BOLETO = 1,
          ARQUIVO_REMESSA_ID = #arquivoRemessaId:NUMBER# 
    where BOLETO_ID = #idBoleto:NUMBER#
  </update>	
  
  <!-- FIM - ATUALIZAÇÃO BOLETOS DO VCW -->
   
 <select id="selectProcessoID" resultClass="java.lang.Long">
 	SELECT SEQ_CTR_REMESSA_BOL.NEXTVAL FROM DUAL 
  </select>
  
  
 <select id="selectProcessoDetalheIDVCW" resultClass="java.lang.Long">
 	SELECT SEQ_DETALHE_REMESSA_BOL_VCW.NEXTVAL FROM DUAL 
  </select>    


</sqlMap>
