<?xml version="1.0" encoding="UTF-8"?>
<!DOCTYPE sqlMap PUBLIC "-//ibatis.apache.org//DTD SQL Map 2.0//EN" "http://ibatis.apache.org/dtd/sql-map-2.dtd">
<sqlMap namespace="ParametroLV">

    <resultMap id="resultParametroVO" class="br.com.digicon.remessaBoleto.vo.SysParameterVO">
        <result column="TXT_NOME" property="parameterName" jdbcType="VARCHAR" />
        <result column="TXT_VALOR" property="parameterValue" jdbcType="VARCHAR" />
    </resultMap>
        
     <resultMap id="resultBoletoBEAN" class="br.com.digicon.remessaBoleto.vo.BoletosEmitidosVO">
 			<result column="NOSSO_NUMERO" property="nossoNumero" jdbcType="VARCHAR" />
 			<result column="IDT_BOLETO" property="idBoleto" jdbcType="VARCHAR" /> 
		    <result column="ARQUIVO_REMESSA_ID" property="arquivoRemessaId" jdbcType="DECIMAL" />
		    <result column="FLG_PROC_REMESSA_BOLETO" property="flgProcRemessaBoleto" jdbcType="VARCHAR" />
		    <result column="FLG_STATUS_REGISTRO" property="flgStatusRegistro" jdbcType="VARCHAR" />
		    <result column="DT_REGISTRO_BANCO_CEDENTE" property="dtRegistroBancoCedente" jdbcType="DATE" />
		    <result column="TXT_TIPO_PESSOA" property="tipoPessoa" jdbcType="VARCHAR" />
	        <result column="DTA_VENCIMENTO" property="jBoleto.dataVencimento" jdbcType="VARCHAR" />
	        <result column="TXT_NUMDOC" property="jBoleto.noDocumento" jdbcType="VARCHAR" />
	        <result column="NUM_VALORDOC" property="jBoleto.valorBoleto" jdbcType="VARCHAR" />
	        <result column="DTA_GERACAO" property="jBoleto.dataDocumento" jdbcType="VARCHAR" />
			<result column="TXT_RAZAO_SOCIAL" property="jBoleto.nomeSacado" jdbcType="VARCHAR" />
			<result column="TXT_LOGRADOURO" property="jBoleto.enderecoSacado" jdbcType="VARCHAR" />								                
			<result column="TXT_BAIRRO" property="jBoleto.bairroSacado" jdbcType="VARCHAR" />
			<result column="TXT_CIDADE" property="jBoleto.cidadeSacado" jdbcType="VARCHAR" />
			<result column="TXT_UF" property="jBoleto.ufSacado" jdbcType="VARCHAR" />		
			<result column="TXT_CEP" property="jBoleto.cepSacado" jdbcType="VARCHAR" />
			<result column="TXT_CNPJ" property="jBoleto.cpfSacado" jdbcType="VARCHAR" />
    </resultMap>
    
	<resultMap id="resultFeriadoLV" class="br.com.digicon.remessaBoleto.vo.FeriadoVO" >
     <result column="dta_feriado" 	 property="data" 			    jdbcType="DATE" />
     <result column="txt_descricao"  property="descricaoFeriado"    jdbcType="VARCHAR" />
    </resultMap>  
    
	<resultMap id="resultListaFeriadoLV" class="br.com.digicon.remessaBoleto.vo.FeriadoVO" >
     <result column="dta_feriado" 	 property="data" 			    jdbcType="DATE" />
    </resultMap>      
    

  <sql id="sqlParametro">
    SELECT TXT_NOME, TXT_VALOR FROM PARAMETRO
  </sql>
	
	
  <select id="selectAll" resultMap="resultParametroVO">
    <include refid="sqlParametro" />
  </select>
	
 <select id="selectBoletos" resultMap="resultBoletoBEAN" parameterClass="java.util.Date" >
     <![CDATA[ 
        select 
        	   b.NOSSO_NUMERO AS NOSSO_NUMERO,
        	   b.DTA_VENCIMENTO as DTA_VENCIMENTO ,
        	   b.NUM_VALORDOC as NUM_VALORDOC ,	
        	   b.DTA_GERACAO as DTA_GERACAO,	
        	   b.TXT_NUMDOC as TXT_NUMDOC,
        	   b.IDT_BOLETO as IDT_BOLETO,
        	   b.ARQUIVO_REMESSA_ID as ARQUIVO_REMESSA_ID,
        	   b.FLG_PROC_REMESSA_BOLETO as FLG_PROC_REMESSA_BOLETO,
        	   b.FLG_STATUS_REGISTRO as FLG_STATUS_REGISTRO,
        	   b.DT_REGISTRO_BANCO_CEDENTE as DT_REGISTRO_BANCO_CEDENTE,
         	   a.TXT_TIPO_PESSOA as TXT_TIPO_PESSOA ,
         	   a.TXT_RAZAO_SOCIAL as TXT_RAZAO_SOCIAL , 
               a.TXT_CNPJ as TXT_CNPJ,
         	   e.TXT_LOGRADOURO as  TXT_LOGRADOURO,
         	   e.TXT_BAIRRO as  TXT_BAIRRO,
         	   e.TXT_CEP as  TXT_CEP,
         	   e.TXT_CIDADE as  TXT_CIDADE, 
         	   e.TXT_UF AS  TXT_UF,
         	   e.NUM_NUMERO AS  TXT_LOGRADOURO
		from bolt b, adqte a, endrr e
	    	where b.idt_adquirente = a.cod_adquirente
			  and b.idt_adquirente = e.cod_adquirente
			  and (b.idt_endereco = 0 OR b.idt_endereco is null OR b.idt_endereco = e.cod_endereco)
			  and TRUNC(b.dta_vencimento) >= TRUNC(#value:DATE#) 	
  			  and (flg_proc_remessa_boleto != 1 or flg_proc_remessa_boleto is null)
  			  and b.NOSSO_NUMERO is not null  
	]]>

<!-- 			  and (flg_proc_remessa_boleto != 1 or flg_proc_remessa_boleto is null)    -->
<!-- 			  and (flg_proc_remessa_boleto != 1 or flg_proc_remessa_boleto is null)	    -->
<!-- 			  and TRUNC(dta_vencimento) >=  '13/06/2017'  -->
<!--         	  and num_valordoc = 7.18 -->  
<!--  			  and TRUNC(dta_vencimento) >= #value:DATE#  -->
<!--  			  and (flg_proc_remessa_boleto != 1 or flg_proc_remessa_boleto is null)  -->
<!-- 			  and TRUNC(dta_vencimento) >= #value:DATE# -->
<!-- 			  and flg_pago = 'P' -->
<!-- 			  and (flg_proc_remessa_boleto != 1 or flg_proc_remessa_boleto is null) -->
<!-- 			  and (nosso_numero != null) -->
    </select>	
	
	
	<select id="selectNSA" resultClass="java.lang.Long">
		SELECT SEQ_CTR_REMESSA_BOL_LV.NEXTVAL FROM DUAL  
	</select>
	
	 <!-- UPDATE -->
  <update id="updateLockRemessa" parameterClass="java.lang.String">
    UPDATE PARMT
    	SET TXT_VALOR = #value#
    	where TXT_NOME = 'PARAM_BOLETO_LOCK_REMESSA'
  </update>
	
 <update id="updateFlagBoletoRemessaLV" parameterClass="br.com.digicon.remessaBoleto.vo.BoletosEmitidosVO">
    UPDATE BOLETRR
    	SET ARQUIVO_REMESSA_ID = #arquivoRemessaId:NUMBER#,
    	    FLG_PROC_REMESSA_BOLETO = 1
    	where NOSSO_NUMERO = #nossoNumero:NUMBER# 
  </update>	
  
    
  
   <select id="selectProcessoIDLV" resultClass="java.lang.Long">
 	SELECT SEQ_CTR_REMESSA_BOL.NEXTVAL FROM DUAL 
  </select> 
   
   
   <select id="selectProcessoDetalheIDLV" resultClass="java.lang.Long">
 	SELECT SEQ_DETALHE_REMESSA_BOL.NEXTVAL FROM DUAL 
  </select> 
   
   <insert id="insertTabControleRemessaLV" parameterClass="br.com.digicon.remessaBoleto.vo.ParamRemessaBoletoVO">
       INSERT INTO TB_CTR_REMESSA_BOL  ( PROCESSO_ID , DT_INICIO_PROCESSAMENTO , DT_TERMINO_PROCESSAMENTO , STATUS , COD_ERRO , MSG_ERRO )
       VALUES ( #processoId:NUMBER# , #dataInicioProcesso:TIMESTAMP# , #dataFimProcesso:TIMESTAMP# , #codStatus:NUMBER# , #codigoErro:NUMBER# , #mensagemErro:CHAR# )
  </insert>
  
  
   <update id="updateTabControleRemessaLV" parameterClass="br.com.digicon.remessaBoleto.vo.ParamRemessaBoletoVO">
       UPDATE TB_CTR_REMESSA_BOL  
       		SET 
       		    DT_INICIO_PROCESSAMENTO = #dataInicioProcesso:TIMESTAMP#,
       		    DT_TERMINO_PROCESSAMENTO = #dataFimProcesso:TIMESTAMP#,
       		    STATUS = #codStatus:NUMBER# ,
       		    COD_ERRO = #codigoErro:NUMBER#,
       		    MSG_ERRO = #mensagemErro:CHAR#
       		    
       WHERE PROCESSO_ID =  #processoId:NUMBER#
  </update>
    
    
  <insert id="insertTabControleRemessaDetalhesLV" parameterClass="br.com.digicon.remessaBoleto.vo.ParamRemessaBoletoVO">
       INSERT 
       	INTO TB_DETALHE_REMESSA_BOL 
       	( 
	       		PROCESSO_ID, 
	       		ARQUIVO_ID, 
	       		NOME_ARQUIVO, 
	       		PATH_ARQUIVO, 
	       		COD_BANCO_CEDENTE, 
	       		COD_AGENCIA, 
	       		DV_AGENCIA, 
	       		COD_CEDENTE, 
	       		DT_GERACAO_ARQUIVO, 
	       		NUMERO_REMESSA, 
	       		QTD_LOTES_ARQUIVO, 
	       		QTD_REGISTRO_ARQUIVO, 
	       		QTD_BOLETOS_ENVIADOS, 
	       		STATUS, 
	       		COD_ERRO, 
	       		MSG_ERRO, 
	       		DT_ALTERACAO
       	   )
	   VALUES
	      ( 
		      #processoId:NUMBER#, 
		      #arquivoId:NUMBER#,
		      #nomeArquivo:CHAR#,
		      #pathArquivo:CHAR#,
		      #codBancoCompensacao:NUMBER#,
		      #agencia:NUMBER#,
		      #dvAgencia:NUMBER#,
		      #codigoCedente:NUMBER#,
		      #dataInicioGeracao:DATE#,
		      #numeroRemessa:NUMBER#,
		      #qtdeLotesArquivo:NUMBER#,
		      #qtdeRegistrosArquivo:NUMBER#,
		      #qtdeBoletosArquivo:NUMBER#,
		      #codStatus:NUMBER#,
		      #codigoErro:NUMBER#,
		      #mensagemErro:CHAR#,
		      #dataAlteracao:DATE#
	     )
  </insert> 
  
  
    <update id="updateTabControleRemessaDetalhesLV" parameterClass="br.com.digicon.remessaBoleto.vo.ParamRemessaBoletoVO">
       UPDATE TB_DETALHE_REMESSA_BOL 
       	 	SET
	       		PROCESSO_ID = #processoId:NUMBER#, 
	       		NOME_ARQUIVO = #nomeArquivo:CHAR#, 
	       		PATH_ARQUIVO = #pathArquivo:CHAR#, 
	       		COD_BANCO_CEDENTE = #codBancoCompensacao:NUMBER#, 
	       		COD_AGENCIA = #agencia:NUMBER#, 
	       		DV_AGENCIA = #dvAgencia:NUMBER#, 
	       		COD_CEDENTE = #codigoCedente:NUMBER#, 
	       		DT_GERACAO_ARQUIVO = #dataInicioGeracao:DATE#, 
	       		NUMERO_REMESSA = #numeroRemessa:NUMBER#, 
	       		QTD_LOTES_ARQUIVO = #qtdeLotesArquivo:NUMBER#, 
	       		QTD_REGISTRO_ARQUIVO = #qtdeRegistrosArquivo:NUMBER#, 
	       		QTD_BOLETOS_ENVIADOS = #qtdeBoletosArquivo:NUMBER#, 
	       		STATUS = #codStatus:NUMBER#, 
	       		COD_ERRO = #codigoErro:NUMBER#, 
	       		MSG_ERRO = #mensagemErro:CHAR#, 
	       		DT_ALTERACAO = #dataAlteracao:DATE#
	       		
       	   WHERE ARQUIVO_ID = #arquivoId:NUMBER# 
  </update> 
  
  
  <select id="getFeriadoLV" parameterClass="java.util.Date" resultMap="resultFeriadoLV">
		select dta_feriado,
		       txt_descricao
		  from feriado_lv
		 where dta_feriado = #value:DATE#
   </select>
   	
  <select id="getListaFeriadoLV" resultMap="resultListaFeriadoLV">
		select dta_feriado from feriado_lv
   </select>

</sqlMap>
