<?xml version="1.0" encoding="UTF-8"?>
<!DOCTYPE sqlMap PUBLIC "-//ibatis.apache.org//DTD SQL Map 2.0//EN" "http://ibatis.apache.org/dtd/sql-map-2.dtd">
<sqlMap namespace="SysParameter">

    <resultMap id="resultSysParameterVO" class="br.com.digicon.remessaBoleto.vo.SysParameterVO">
        <result column="PARAMETER_NAME" property="parameterName" jdbcType="CHAR" />
        <result column="PARAMETER_VALUE" property="parameterValue" jdbcType="CHAR" />
        <result column="DESCRIPTION" property="description" jdbcType="CHAR" />
        <result column="FIELD_TYPE_ID" property="fieldTypeId" jdbcType="DECIMAL" />
        <result column="DOMAIN_NAME" property="domainName" jdbcType="CHAR" />
        <result column="VISIBLE" property="visible" jdbcType="DECIMAL" />
    </resultMap>

    <resultMap id="resultSysParameterDTO" class="br.com.digicon.remessaBoleto.vo.SysParameterDTO">
        <result column="PARAMETER_NAME" property="parameterName" jdbcType="CHAR" />
        <result column="PARAMETER_VALUE" property="parameterValue" jdbcType="CHAR" />
        <result column="DESCRIPTION" property="description" jdbcType="CHAR" />
        <result column="FIELD_TYPE_ID" property="fieldTypeId" jdbcType="DECIMAL" />
        <result column="DOMAIN_NAME" property="domainName" jdbcType="CHAR" />
        <result column="VISIBLE" property="visible" jdbcType="DECIMAL" />
        <result column="DOMAIN_NAME" property="listaDominio" select="Dominio.lazyByDominio" />
    </resultMap>
    
    <!-- RESULT -->
	<resultMap id="ValoresDominioResult" class="br.com.digicon.remessaBoleto.vo.ValoresDominioVO">
		<result column="CODE_NUMBER" property="codeNumber" jdbcType="DECIMAL" />
		<result column="DOMAIN_NAME" property="domainName" jdbcType="CHAR" />
		<result column="ITEM_NAME" property="itemName" jdbcType="CHAR" />
		<result column="DESCRIPTION" property="description" jdbcType="CHAR" />
	</resultMap>
	
	<resultMap id="resultFeriado" class="br.com.digicon.remessaBoleto.vo.FeriadoVO" >
     <result column="data" 				property="data" 			jdbcType="DATE" />
     <result column="descricao_feriado" property="descricaoFeriado" jdbcType="VARCHAR" />
    </resultMap>
    
  	<resultMap id="resultListaFeriados" class="br.com.digicon.remessaBoleto.vo.FeriadoVO" >
     <result column="data" 				property="data" 			jdbcType="DATE" />
    </resultMap>
    
    
     <select id="selectByPrefixLista" resultMap="resultSysParameterVO" >
        <![CDATA[
            select 
                TRIM(PARAMETER_NAME) AS PARAMETER_NAME, 
                TRIM(PARAMETER_VALUE) AS PARAMETER_VALUE, 
                TRIM(DESCRIPTION) AS DESCRIPTION, 
                TRIM(FIELD_TYPE_ID) AS FIELD_TYPE_ID,
                TRIM(DOMAIN_NAME) AS DOMAIN_NAME, 
                TRIM(VISIBLE) AS VISIBLE 
            from 
                SYS_PARAM 
        ]]>
    </select>
    
    <select id="selectByParameterName" resultMap="resultSysParameterVO" parameterClass="br.com.digicon.remessaBoleto.vo.SysParameterVO">
        <![CDATA[
        select  
        	TRIM(PARAMETER_NAME) AS PARAMETER_NAME, 
        	TRIM(PARAMETER_VALUE) AS PARAMETER_VALUE, 
        	TRIM(DESCRIPTION) AS DESCRIPTION, 
        	TRIM(FIELD_TYPE_ID) AS FIELD_TYPE_ID,
        	TRIM(DOMAIN_NAME) AS DOMAIN_NAME, 
        	TRIM(VISIBLE) AS VISIBLE 
        from 
        	SYS_PARAM 
        where TRIM(PARAMETER_NAME) = TRIM(#parameterName:CHAR#)    
    ]]>
    </select>

    <select id="selectByVisible" resultMap="resultSysParameterVO" parameterClass="br.com.digicon.remessaBoleto.vo.SysParameterVO">
        select PARAMETER_NAME, PARAMETER_VALUE, DESCRIPTION, FIELD_TYPE_ID, DOMAIN_NAME, VISIBLE from SYS_PARAM where
        VISIBLE = #visible:DECIMAL#
    </select>

    <select id="selectDTOByVisible" resultMap="resultSysParameterDTO" parameterClass="br.com.digicon.remessaBoleto.vo.SysParameterVO">
        select PARAMETER_NAME, PARAMETER_VALUE, DESCRIPTION, FIELD_TYPE_ID, DOMAIN_NAME, VISIBLE from SYS_PARAM where
        VISIBLE = #visible:DECIMAL#
    </select>

    <select id="selectByPrefix" resultMap="resultSysParameterVO" parameterClass="br.com.digicon.remessaBoleto.vo.SysParameterVO">
        <![CDATA[
            select  
                TRIM(PARAMETER_NAME) AS PARAMETER_NAME, 
                TRIM(PARAMETER_VALUE) AS PARAMETER_VALUE, 
                TRIM(DESCRIPTION) AS DESCRIPTION, 
                TRIM(FIELD_TYPE_ID) AS FIELD_TYPE_ID,
                TRIM(DOMAIN_NAME) AS DOMAIN_NAME, 
                TRIM(VISIBLE) AS VISIBLE 
            from 
                SYS_PARAM 
            where 
                SUBSTR(PARAMETER_NAME, 1, LENGTH(#parameterName:CHAR#)) = #parameterName:CHAR#
        ]]>
    </select>
    
      <!-- SELECT -->
	<select id="selectByDominioItemRemessa" resultMap="ValoresDominioResult" parameterClass="br.com.digicon.remessaBoleto.vo.ValoresDominioVO">
	   select CODE_NUMBER  AS CODE_NUMBER, 
	   		  DOMAIN_NAME AS DOMAIN_NAME,
	          ITEM_NAME AS ITEM_NAME,
	          DESCRIPTION AS DESCRIPTION 
	   from SYS_DOMAIN
	   where DOMAIN_NAME like '$domainName$%'
	     and ITEM_NAME like '$itemName$%'
	</select>

    <update id="updateValueByParameterName" parameterClass="br.com.digicon.remessaBoleto.vo.SysParameterVO">
        update SYS_PARAM set PARAMETER_VALUE = #parameterValue:CHAR# where
        TRIM(PARAMETER_NAME) = #parameterName:CHAR#
    </update>

    <insert id="insertParameter" parameterClass="br.com.digicon.remessaBoleto.vo.SysParameterVO">
        INSERT INTO SYS_PARAM ( PARAMETER_NAME , PARAMETER_VALUE , DESCRIPTION , FIELD_TYPE_ID , DOMAIN_NAME , VISIBLE )
        VALUES ( #parameterName:CHAR# , #parameterValue:CHAR# , #description:CHAR# , #fieldTypeId:DECIMAL# , #domainName:CHAR# , #visible:DECIMAL#)
    </insert>
    
      
  	 <!-- UPDATE -->
  <update id="updateLockRemessaSA" parameterClass="java.lang.String">
    UPDATE SYS_PARAM
    	SET PARAMETER_VALUE = #value#
    	WHERE PARAMETER_NAME = 'BOLETO_LOCK_REMESSA_SA'
  </update>
  
  
    	 <!-- UPDATE -->
  <update id="updateLockRemessaVCW" parameterClass="java.lang.String">
    UPDATE SYS_PARAM
    	SET PARAMETER_VALUE = #value#
    	WHERE PARAMETER_NAME = 'BOLETO_LOCK_REMESSA_VCW'
  </update>
    
  <insert id="insertTabControleRemessaVCW" parameterClass="br.com.digicon.remessaBoleto.vo.ParamRemessaBoletoVO">
       INSERT INTO TB_CTR_REMESSA_BOL ( PROCESSO_ID , DT_INICIO_PROCESSAMENTO , DT_TERMINO_PROCESSAMENTO , STATUS , COD_ERRO , MSG_ERRO )
       VALUES ( #processoId:NUMBER# , #dataInicioProcesso:TIMESTAMP# , #dataFimProcesso:TIMESTAMP# , #codStatus:NUMBER# , #codigoErro:NUMBER# , #mensagemErro:CHAR# )
  </insert>
  
  
    <update id="updateTabControleRemessaVCW" parameterClass="br.com.digicon.remessaBoleto.vo.ParamRemessaBoletoVO">
       UPDATE TB_CTR_REMESSA_BOL_VCW 
       		SET 
       		   DT_INICIO_PROCESSAMENTO = #dataInicioProcesso:TIMESTAMP#,
       		   DT_TERMINO_PROCESSAMENTO = #dataFimProcesso:TIMESTAMP#,
       		   STATUS = #codStatus:NUMBER# ,
       		   COD_ERRO = #codigoErro:NUMBER#,
       		   MSG_ERRO = #mensagemErro:CHAR#
       		 WHERE PROCESSO_ID = #processoId:NUMBER#    
  </update>
  
  
    
  <insert id="insertTabControleRemessaDetalhesVCW" parameterClass="br.com.digicon.remessaBoleto.vo.ParamRemessaBoletoVO">
       INSERT 
       	INTO TB_DETALHE_REMESSA_BOL_VCW 
       	( 
	       		PROCESSO_ID, 
	       		ARQUIVO_ID, 
	       		NOME_ARQUIVO, 
	       		PATH_ARQUIVO, 
	       		COD_BANCO_CEDENTE, 
	       		COD_AGENCIA, 
	       		DV_AGENCIA, 
	       		COD_CEDENTE, 
	       		DT_GERACAO_ARQUIVO, 
	       		NUMERO_REMESSA, 
	       		QTD_LOTES_ARQUIVO, 
	       		QTD_REGISTRO_ARQUIVO, 
	       		QTD_BOLETOS_ENVIADOS, 
	       		STATUS, 
	       		COD_ERRO, 
	       		MSG_ERRO, 
	       		DT_ALTERACAO
       	   )
	   VALUES
	      ( 
		      #processoId:NUMBER#, 
		      #arquivoId:NUMBER#,
		      #nomeArquivo:CHAR#,
		      #pathArquivo:CHAR#,
		      #codBancoCompensacao:NUMBER#,
		      #agencia:NUMBER#,
		      #dvAgencia:NUMBER#,
		      #codigoCedente:NUMBER#,
		      #dataInicioGeracao:DATE#,
		      #numeroRemessa:NUMBER#,
		      #qtdeLotesArquivo:NUMBER#,
		      #qtdeRegistrosArquivo:NUMBER#,
		      #qtdeBoletosArquivo:NUMBER#,
		      #codStatus:NUMBER#,
		      #codigoErro:NUMBER#,
		      #mensagemErro:CHAR#,
		      #dataAlteracao:DATE#
	     )
  </insert> 
  
  
  <update id="updateTabControleRemessaDetalhesVCW" parameterClass="br.com.digicon.remessaBoleto.vo.ParamRemessaBoletoVO">
       UPDATE TB_DETALHE_REMESSA_BOL_VCW
       	SET 
	       		PROCESSO_ID = #processoId:NUMBER#, 
	       		NOME_ARQUIVO = #nomeArquivo:CHAR#, 
	       		PATH_ARQUIVO =  #pathArquivo:CHAR#, 
	       		COD_BANCO_CEDENTE = #codBancoCompensacao:NUMBER#, 
	       		COD_AGENCIA = #agencia:NUMBER#, 
	       		DV_AGENCIA = #dvAgencia:NUMBER#, 
	       		COD_CEDENTE = #codigoCedente:NUMBER#, 
	       		DT_GERACAO_ARQUIVO = #dataInicioGeracao:DATE#, 
	       		NUMERO_REMESSA = #numeroRemessa:NUMBER#, 
	       		QTD_LOTES_ARQUIVO = #qtdeLotesArquivo:NUMBER#, 
	       		QTD_REGISTRO_ARQUIVO = #qtdeRegistrosArquivo:NUMBER#, 
	       		QTD_BOLETOS_ENVIADOS = #qtdeBoletosArquivo:NUMBER#, 
	       		STATUS = #codStatus:NUMBER#, 
	       		COD_ERRO = #codigoErro:NUMBER#, 
	       		MSG_ERRO = #mensagemErro:CHAR#, 
	       		DT_ALTERACAO = #dataAlteracao:DATE# 
       	   
       	   WHERE ARQUIVO_ID = #arquivoId:NUMBER#
  </update> 
  
   <insert id="insertTabControleRemessaSA" parameterClass="br.com.digicon.remessaBoleto.vo.ParamRemessaBoletoVO">
       INSERT INTO TB_CTR_REMESSA_BOL_SA ( PROCESSO_ID , DT_INICIO_PROCESSAMENTO , DT_TERMINO_PROCESSAMENTO , STATUS , COD_ERRO , MSG_ERRO )
       VALUES ( #processoId:NUMBER# , #dataInicioProcesso:TIMESTAMP# , #dataFimProcesso:TIMESTAMP# , #codStatus:NUMBER# , #codigoErro:NUMBER# , #mensagemErro:CHAR# )
  </insert>
  
  <update id="updateTabControleRemessaSA" parameterClass="br.com.digicon.remessaBoleto.vo.ParamRemessaBoletoVO">
       UPDATE TB_CTR_REMESSA_BOL_SA 
       	  SET 
       	 	   DT_INICIO_PROCESSAMENTO = #dataInicioProcesso:TIMESTAMP#,
       		   DT_TERMINO_PROCESSAMENTO = #dataFimProcesso:TIMESTAMP#,
       		   STATUS =  #codStatus:NUMBER#,
       		   COD_ERRO = #codigoErro:NUMBER#,
       		   MSG_ERRO = #mensagemErro:CHAR#
       WHERE  PROCESSO_ID = #processoId:NUMBER#
  </update>  
  
    
  <insert id="insertTabControleRemessaDetalhesSA" parameterClass="br.com.digicon.remessaBoleto.vo.ParamRemessaBoletoVO">
       INSERT 
       	INTO TB_DETALHE_REMESSA_BOL_SA 
       	( 
	       		PROCESSO_ID, 
	       		ARQUIVO_ID, 
	       		NOME_ARQUIVO, 
	       		PATH_ARQUIVO, 
	       		COD_BANCO_CEDENTE, 
	       		COD_AGENCIA, 
	       		DV_AGENCIA, 
	       		COD_CEDENTE, 
	       		DT_GERACAO_ARQUIVO, 
	       		NUMERO_REMESSA, 
	       		QTD_LOTES_ARQUIVO, 
	       		QTD_REGISTRO_ARQUIVO, 
	       		QTD_BOLETOS_ENVIADOS, 
	       		STATUS, 
	       		COD_ERRO, 
	       		MSG_ERRO, 
	       		DT_ALTERACAO
       	   )
	   VALUES
	      ( 
		      #processoId:NUMBER#, 
		      #arquivoId:NUMBER#,
		      #nomeArquivo:CHAR#,
		      #pathArquivo:CHAR#,
		      #codBancoCompensacao:NUMBER#,
		      #agencia:NUMBER#,
		      #dvAgencia:NUMBER#,
		      #codigoCedente:NUMBER#,
		      #dataInicioGeracao:DATE#,
		      #numeroRemessa:NUMBER#,
		      #qtdeLotesArquivo:NUMBER#,
		      #qtdeRegistrosArquivo:NUMBER#,
		      #qtdeBoletosArquivo:NUMBER#,
		      #codStatus:NUMBER#,
		      #codigoErro:NUMBER#,
		      #mensagemErro:CHAR#,
		      #dataAlteracao:DATE#
	     )
  </insert>    
  
  
  <update id="updateTabControleRemessaDetalhesSA" parameterClass="br.com.digicon.remessaBoleto.vo.ParamRemessaBoletoVO">
       UPDATE TB_DETALHE_REMESSA_BOL_SA 
       		SET  
	       		PROCESSO_ID = #processoId:NUMBER#, 
	       		NOME_ARQUIVO = #nomeArquivo:CHAR#, 
	       		PATH_ARQUIVO = #pathArquivo:CHAR#, 
	       		COD_BANCO_CEDENTE = #codBancoCompensacao:NUMBER#, 
	       		COD_AGENCIA = #agencia:NUMBER#, 
	       		DV_AGENCIA = #dvAgencia:NUMBER#, 
	       		COD_CEDENTE = #codigoCedente:NUMBER#, 
	       		DT_GERACAO_ARQUIVO = #dataInicioGeracao:DATE#, 
	       		NUMERO_REMESSA = #numeroRemessa:NUMBER#, 
	       		QTD_LOTES_ARQUIVO = #qtdeLotesArquivo:NUMBER#, 
	       		QTD_REGISTRO_ARQUIVO = #qtdeRegistrosArquivo:NUMBER#, 
	       		QTD_BOLETOS_ENVIADOS = #qtdeBoletosArquivo:NUMBER#, 
	       		STATUS =  #codStatus:NUMBER#, 
	       		COD_ERRO =  #codigoErro:NUMBER#, 
	       		MSG_ERRO = #mensagemErro:CHAR#, 
	       		DT_ALTERACAO = #dataAlteracao:DATE#
       	   WHERE  ARQUIVO_ID = #arquivoId:NUMBER# 
	  
  </update>    
  
  
  <select id="getFeriado" parameterClass="java.util.Date" resultMap="resultFeriado">
		select data,
		       descricao_feriado
		  from tb_calendario_date
		 where data = #value:DATE#
	</select>
	
	
	 <select id="getlistaFeriados" resultMap="resultListaFeriados">
		select data from tb_calendario_date
	</select>
	

</sqlMap>
